{"cameraMode":{"drawMode":0,"name":"Shaded","section":"Shading Mode"},"sceneLighting":false,"audioPlay":false,"sceneViewState":{"showFog":true,"showMaterialUpdate":false,"showSkybox":true,"showFlares":true,"showImageEffects":true,"showParticleSystems":true},"in2DMode":false,"pivot":{"x":-37.86836242675781,"y":-1.359524130821228,"z":-0.0006263279938139021},"rotation":{"x":0.07917272299528122,"y":-0.1445631980895996,"z":-0.0116115752607584,"w":-0.9862657785415649},"size":4998.646484375,"orthographic":false}