{"cameraMode":{"drawMode":0,"name":"Shaded","section":"Shading Mode"},"sceneLighting":false,"audioPlay":false,"sceneViewState":{"showFog":true,"showMaterialUpdate":false,"showSkybox":false,"showFlares":true,"showImageEffects":true,"showParticleSystems":true},"in2DMode":false,"pivot":{"x":0.17681723833084107,"y":0.08635792136192322,"z":1.6413990259170533},"rotation":{"x":-0.04308565706014633,"y":0.9486843943595886,"z":-0.1480499804019928,"w":-0.2760872542858124},"size":0.6221975088119507,"orthographic":false}